Workbook

Sheet Lists of values
A1: Manufacturer | C1: Cooling | E1: flange type | F1: flange size | H1: Bearing | K1: torr | L1: =10^-6 -> 1e-06 | M1: hPa | N1: =L1*1.33322368 -> 1.3332237e-06
A2: Thorlabs | D2: YesNo | E2: Motor type
A3: Newport | D3: Yes | E3: Stepper motor
A4: PI (Physik Instrumente) L.P. | D4: No | E4: Piezo motor
A5: SmarAct GmbH
A6: Standa Ltd.
A7: Newport (MIT, spol. s r. o.)

Sheet Catalogue properties
A1: Property name | B1: Catalogue Item name | C1: Catalogue item description | D1: Manufacturer | E1: Manufacturer part/catalog number | F1: ManufacturerURL
A2: Property type | B2: Text | C2: TextArea | D2: External List | E2: Text | F2: Text
A3: List of values (; separated)
A4: Default value
A5: Allow custom value
A6: Unit type
A7: Category group | B7: General properties | C7: General properties | D7: General properties | E7: General properties | F7: General properties

Sheet Motion
A1: Property name | B1: Category | C1: Parent category
A2: Property type | B2: text | C2: text
A3: List of values (; separated)
A4: Default value | B4: Motion
A5: Allow custom value
A6: Unit type
A7: Category group | B7: General properties | C7: General properties

Sheet Actuators
A1: Property name | B1: Category | C1: Parent category | D1: Travel range | E1: Vacuum compatibility | F1: For vacuum pressure
A2: Property type | B2: text | C2: text | D2: Number | E2: List | F2: Number
A3: List of values (; separated) | E3: No; Yes
A4: Default value | B4: Actuators | C4: Motion | E4: No
A5: Allow custom value | D5: =TRUE() -> 1 | E5: =TRUE() -> 1 | F5: =TRUE() -> 1
A6: Unit type | D6: mm | F6: hPa
A7: Category group | B7: General properties | C7: General properties | D7: General properties | E7: General properties | F7: General Properties

Sheet Motorized Actuators
A1: Property name | B1: Category | C1: Parent category | D1: Motor type | E1: Axial load capacity | F1: Integrated encoder | G1: Encoder resolution | H1: Minimum incremental motion
A2: Property type | B2: text | C2: text | D2: List | E2: Number | F2: List | G2: Number | H2: Number
A3: List of values (; separated) | D3: Stepper motor; Piezo motor | F3: No;Yes
A4: Default value | B4: Motorized actuators | C4: Actuators | F4: No
A5: Allow custom value | D5: =TRUE() -> 1
A6: Unit type | E6: N | G6: nm | H6: nm
A7: Category group | B7: General properties | C7: General properties | D7: Motion | E7: Actuator properties | F7: Actuator properties | G7: Actuator properties | H7: Actuator properties

Sheet Catalogue items (1)
A1: Motorized actuators
A2: =CONCATENATE('Catalogue properties'!B1," [",'Catalogue properties'!B6,"]") -> Catalogue Item name [] | B2: =CONCATENATE('Catalogue properties'!C1," [",'Catalogue properties'!C6,"]") -> Catalogue item description [] | C2: =CONCATENATE('Catalogue properties'!D1," [",'Catalogue properties'!D6,"]") -> Manufacturer [] | D2: =CONCATENATE('Catalogue properties'!E1," [",'Catalogue properties'!E6,"]") -> Manufacturer part/catalog number [] | E2: =CONCATENATE('Catalogue properties'!F1," [",'Catalogue properties'!F6,"]") -> ManufacturerURL [] | F2: =CONCATENATE(Actuators!D1," [",Actuators!D6,"]") -> Travel range [mm] | G2: =CONCATENATE(Actuators!E1," [",Actuators!E6,"]") -> Vacuum compatibility [] | H2: =CONCATENATE(Actuators!F1," [",Actuators!F6,"]") -> For vacuum pressure [hPa] | I2: =CONCATENATE('Motorized Actuators'!D1," [",'Motorized Actuators'!D6,"]") -> Motor type [] | J2: =CONCATENATE('Motorized Actuators'!E1," [",'Motorized Actuators'!E6,"]") -> Axial load capacity [N] | K2: =CONCATENATE('Motorized Actuators'!F1," [",'Motorized Actuators'!F6,"]") -> Integrated encoder [] | L2: =CONCATENATE('Motorized Actuators'!G1," [",'Motorized Actuators'!G6,"]") -> Encoder resolution [nm] | M2: =CONCATENATE('Motorized Actuators'!H1," [",'Motorized Actuators'!H6,"]") -> Minimum incremental motion [nm] | N2: EUN
A3: Z825BV - Vacuum-Compatible 25 mm Motorized Actuator with Ø3/8" Barrel Fitting | B3: Vacuum-Compatible DC Motor Actuator, 25 mm Travel 6 VDC Servo Actuator Sub-micron Resolution 2.3 mm/s Maximum Velocity Drop In Replacement for Most 12 mm Manual Actuators Compatible with Ø3/8" (Ø9.525 mm) Barrel-Fitting Stages and Mounts Limit Switches for Zero Datum and Actuator Protection Rated Down To 10-6 Torr. | C3: Thorlabs | D3: Z825BV | E3: https://www.thorlabs.com/thorproduct.cfm?partnumber=Z825BV | F3: 25 | G3: Yes | H3: =10^-6 -> 1e-06 | I3: Stepper motor | J3: 40 | K3: No | L3: N/A | M3: 200 | N3: 12080061 | O3: 12080062 | P3: 12080063 | Q3: 12080064 | R3: 19110816
A4: Z825B - 25 mm Motorized Actuator with Ø3/8" Barrel (0.5 m Cable) | B4: 6 VDC Servo Actuator Sub-micron Resolution Maximum Velocity: 2.3 mm/s Drop In Replacement for Most 25 mm Manual Actuators Compatible with Stages and Mounts that Accept Ø3/8" (Ø9.525 mm) Barrels Limit Switches for Zero Datum and Actuator Protection Also Available in 6 mm and 12 mm Travel Versions | C4: Thorlabs | D4: Z825B | E4: https://www.thorlabs.com/thorproduct.cfm?partnumber=Z825B | F4: 25 | G4: No | H4: N/A | I4: Stepper motor | J4: 40 | K4: No | L4: N/A | M4: 200 | N4: 17030391
A5: Z812V - Vacuum-Compatible 12 mm Motorized Actuator, 1/4"-80 Thread | B5: 6 VDC Servo Actuator Submicron Resolution Maximum Velocity: 2.3 mm/s Drop In Replacement for Most 12 mm Manual Actuators Compatible with 1/4"-80 Thread (Z812V) and Ø3/8" (9.525 mm) Barrel-Fitted (Z812BV) Stages and Mounts Limit Switches for Zero Datum and Actuator Protection Rated Down To 10-6 Torr. Also Available in 6 mm and 25 mm Travel Versions | C5: Thorlabs | D5: Z812V | E5: https://www.thorlabs.com/thorproduct.cfm?partnumber=Z812V | F5: 12 | G5: Yes | H5: 1e-06 | I5: Stepper motor | J5: 40 | K5: No | L5: N/A | M5: 200 | N5: 21110459 | O5: 21110460
A6: PAS005 - Piezoelectric Actuator, 20 µm Travel | B6: Modular Piezoelectric Actuators for Fine Positioning Available as Open or Closed-Loop with Feedback Ø1/2" Barrel for Compatibility with LNR50 Series TravelMax Stages | C6: Thorlabs | D6: PAS005 | E6: https://www.thorlabs.com/thorproduct.cfm?partnumber=PAS005 | F6: 0.02 | G6: No | H6: N/A | I6: Piezo motor | J6: 30 | K6: No | L6: N/A | M6: 20 | N6: 16060273
A7: PIAK10 - Piezo Inertia Actuator, 10 mm Travel, 1/4"-80 Mounting Thread | B7: Actuators Provide High-Resolution Linear Motion in a Compact Package PIAK10: 1/4"-80 Mounting Thread for Compatibility with Mirror Mounts PIA13, PIA25, & PIA50: Ø3/8" (Ø9.525 mm) Barrel for Mounting to Manual Stages with Ø3/8" (Ø9.525 mm) Mounting Clamps KIM001 or KIM101 Controller Required for Operation (Sold Separately Below) | C7: Thorlabs | D7: PIAK10 | E7: https://www.thorlabs.com/thorproduct.cfm?partnumber=PIAK10 | F7: 10 | G7: No | H7: N/A | I7: Piezo motor | J7: 25 | K7: No | L7: N/A | M7: 20 | N7: 19110717 | O7: 19110718 | P7: 20110055 | Q7: 20110056 | R7: 20110057 | S7: 20110058 | T7: 20110060 | U7: 20110063 | V7: 20110065 | W7: 20110067 | X7: 20110068 | Y7: 20110069 | Z7: 20110070 | AA7: 20110071 | AB7: 20110072 | AC7: 20110073 | AD7: 20110074 | AE7: 20110075 | AF7: 20110076 | AG7: 20110077 | AH7: 21080141 | AI7: 21080142
A8: PIAK10VF - Vacuum-Compatible Piezo Inertia Actuator, 10 mm Travel, 1/4"-100 Mounting Thread | B8: Compact Design: 31.5 mm x 17.0 mm (W x H) 20 nm Typical Step Size Manual Adjustment via Knob on Adjuster Screw Rated Down to 10-6 Torr 125 V Maximum Operating Voltage 1/4"-100 Mounting Thread for Compatibility with KS1TV Ø1" Mirror Mount Ideal for Set-and-Hold Applications that Require High-Resolution Relative Positioning Vacuum-Compatible PIA13VF Actuator for Translation Stages Also Available | C8: Thorlabs | D8: PIAK10VF | E8: https://www.thorlabs.com/thorproduct.cfm?partnumber=PIAK10VF | F8: 10 | G8: Yes | H8: 1e-06 | I8: Piezo motor | J8: 25 | K8: No | L8: N/A | M8: 20 | N8: 21090338 | O8: 21090339
A9: Picomotor Piezo Linear Actuator | B9: Picomotor actuators are ideal for motorizing fine-positioning stages and mounts for applications that require exceptional precision, small step sizes, and set-and-forget stability, all in a compact package. 30 nm positioning resolution Substantial 22 N axial load capacity Set-and-forget long-term stability Easy-to-use, flexible controller/drivers Manual adjustment knob Simple integration | C9: Newport | D9: 8302 | E9: https://www.newport.com/f/picomotor-piezo-linear-actuators | F9: 25 | G9: No | H9: N/A | I9: Piezo motor | J9: 22 | K9: No | L9: N/A | M9: 30 | N9: 15026762 | O9: 13060005 | P9: 13060006 | Q9: 13060007 | R9: 13060008 | S9: 13060009 | T9: 13060010
A10: Picomotor Actuator, Vacuum Compatible | B10: he 8302-V Vacuum Compatible Picomotor™ Actuator has 1.0 inch (25.4 mm) travel, and is an ideal device for motorizing fine-positioning stages and mounts in your optical or mechanical systems. Use it with our opto-mechanical translation stages or your own custom devices. It has better than 30-nm resolution with minimal backlash, and can exert a 5-lb (22-N) force. Moreover, it offers exceptional long-term stability and the ability to hold their position with no power applied. These last two features make the Picomotor unique among motion-control devices and ideal for typical set-and-hold applications. Such applications include precision control of sample holders inside cold and/or vacuum chambers, hands-off adjustment of hard-to-reach mirror mounts (like those in the center of a large setup), or adjustments of optical mounts that are sensitive to forces applied while twisting a knob (for instance optimizing the alignment of a laser cavity or adjusting the pointing of a beam over a long distance). | C10: Newport | D10: 8302-V | E10: https://www.newport.com/p/8302-V | F10: 25 | G10: Yes | H10: =10^-6 -> 1e-06 | I10: Piezo motor | J10: 22 | K10: No | L10: N/A | M10: 30 | N10: 15120969 | O10: 15120975 | P10: 15121004 | Q10: 15121006 | R10: 15121028 | S10: 15121038 | T10: 15121046 | U10: 15121051 | V10: 16010025
A11: Motorized Linear Actuator, 11 mm Travel, Micro Step Drive | B11: The NSA12 Miniature Motorized Linear Actuator with 11 mm travel is an economical solution for motorizing mirror mounts, rotation stages, linear stages and other manual motion devices. They are ideal for remote adjustment of sensitive, hard-to-reach optical components which can be influenced by the compressive and torsional forces imposed by traditional manual adjustment micrometers. Typical applications include optimizing the alignment of a laser cavity, zeroing in on coherence lengths or just adjusting the pointing of a beam over a long distance. Individual actuator only, controller not included. | C11: Newport | D11: NSA12 | E11: https://www.newport.com/p/NSA12 | F11: 11 | G11: No | H11: N/A | I11: Stepper motor | J11: 28 | K11: No | L11: N/A | M11: 200 | N11: 14040040 | O11: 14040041 | P11: 14040042 | Q11: 14040043 | R11: 14080415 | S11: 14080500-536 | T11: 15090469 | U11: 18061570-76 | V11: 1808584
A12: Motorized Linear Actuator, 11 mm Travel, Vacuum Compatible | B12: The NSA12V6 miniature motorized linear actuator with 11 mm travel is a Vacuum compatible to 10-6 hPa solution for motorizing mirror mounts, rotation stages, linear stages and other manual motion devices. They are ideal for remote adjustment of sensitive, hard-to-reach optical components which can be influenced by the compressive and torsional forces imposed by traditional manual adjustment micrometers. Typical applications include optimizing the alignment of a laser cavity, zeroing in on coherence lengths or just adjusting the pointing of a beam over a long distance. | C12: Newport | D12: NSA12V6 | E12: https://www.newport.com/p/NSA12V6 | F12: 11 | G12: Yes | H12: =10^-6 -> 1e-06 | I12: Stepper motor | J12: 14 | K12: No | L12: N/A | M12: 200 | N12: 14120062 | O12: 14120063 | P12: 14120064 | Q12: 14120065 | R12: 14120066 | S12: 14120067 | T12: 15030110-23 | U12: 16080016-27 | V12: 16080037-44 | W12: 18061477 | X12: 18061478
A13: Motorized Actuator, Miniature, 12 mm Travel, Stepper, 25-pin D-Sub | B13: The TRA12PPD Miniature Stepper Motor Actuator provides 12 mm travel in a slim, 15 mm diameter housing and is the recommended choice for motorizing 561 series linear stages, and 481 and RS65 rotation stages. TRA actuators incorporate an excellent space saving design that allows them to be used with a wide variety of linear stages, mirror mounts, and OEM applications. 25-pin D-Sub connector. | C13: Newport | D13: TRA12PPD | E13: https://www.newport.com/p/TRA12PPD | F13: 12 | G13: No | H13: N/A | I13: Stepper motor | J13: 60 | K13: No | L13: N/A | M13: 200 | N13: 15030005 | O13: 15030006 | P13: 15121652 | Q13: 16080047
A14: Motorized Actuator, Compact, 6 mm Travel, Stepper Motor | B14: The TRB6PP Compact Stepper Actuator provides 6 mm travel with sub-micron MIM, very good repeatability and high push force. TRB actuators can replace micrometers which are used a wide variety of linear stages, mirror mounts, and OEM applications. | C14: Newport | D14: TRB6PP | E14: https://www.newport.com/p/TRB6PP | F14: 6 | G14: No | H14: N/A | I14: Stepper motor | J14: 90 | K14: No | L14: N/A | M14: 100 | N14: 20070163 | O14: 20070166 | P14: 20070167 | Q14: 20070168 | R14: 20070169 | S14: 22040110 | T14: 22040111
A15: Motorized Actuator, High Speed, 50 mm Travel, Vacuum Compatible | B15: The Vacuum Compatible LTAHSPPV6 High Speed Motorized Actuator is optimized for high-speed applications and provides a 50 mm travel range. LTA actuators are designed to fit into other vacuum compatible manual stages and opto-mechanical components as direct replacements for manual micrometers Featuring a space-saving design with the motor and lead screw mounted side-by-side, the LTAHSPPV6 is ideal for space constrained setups, common to vacuum applications. This design not only reduces the actuator length by 50%, but also minimizes the unwanted effects of long cantilever loads on micro-positioning equipment. Precision motion is accomplished through a miniature stepper motor with optimized output torque. This allows for faster motion and high load capacity. | C15: Newport | D15: LTAHSPPV6 | E15: https://www.newport.com/p/LTAHSPPV6 | F15: 50 | G15: Yes | H15: =10^-6 -> 1e-06 | I15: Stepper motor | J15: 40 | K15: No | L15: N/A | M15: 80 | N15: 16020241 | O15: 16020242 | P15: 18101187-90
A16: VHRU-10V6 | B16: Custom Vacuum Actuator | C16: Newport | D16: VHRU-10V6 | E16: https://www.newport.com/s/advanced-motion-control-products | F16: 10 | G16: Yes | H16: =10^-6 -> 1e-06 | I16: Stepper motor | J16: 500 | K16: No | L16: N/A | M16: 50 | N16: 16110036-47 | O16: 19090392
A17: Motorized Actuator, Miniature, 6 mm Travel, Vacuum Compatible | B17: The TRA6PPV6 Miniature Stepper Motor Actuator provides 6 mm travel in a slim, 15 mm diameter housing and is the recommended choice for motorizing 561 series linear stages, and 481 and RS65 rotation stages. TRA actuators incorporate an excellent space saving design that allows them to be used with a wide variety of linear stages, mirror mounts, and OEM applications. Vacuum compatible to 10-6 hPa. | C17: Newport (MIT, spol. s r. o.) | D17: TRA6PPV6 | E17: https://www.newport.com/p/TRA6PPV6 | F17: 6 | G17: Yes | H17: =10^-6 -> 1e-06 | I17: Stepper motor | J17: 30 | K17: No | L17: N/A | M17: 100 | N17: 18010739 | O17: 18010740 | P17: 18010742 | Q17: 18010744
A18: Motorized Actuator, High Load, 25 mm Travel, Vacuum Compatible | B18: The Vacuum compatible High load LTAHLPPV6 actuator with 25 mm travel. Recommended for heavy load applications, the LTAHLPPV6 features a robust, 8 mm diameter rod and a M12-0.5 mounting bezel that is compatible with vacuum versions of the UMR8 and MVN80 linear stages. LTA actuators are designed to fit into existing manual stages and other opto-mechanical components as direct replacement for manual micrometers. Featuring a space-saving design ideal for limited space in vacuum chambers, the LTA motor and lead screw are mounted side-by-side. This not only reduces the actuator length by 50%, but also minimizes the unwanted effects of long cantilever loads on micro-positioning equipment. Precision motion is accomplished through a miniature stepper motor with optimized output torque. This allows for faster motion and high load capacity. A movable limit switch prevents over-travel. The switch positions can be changed in minutes to adjust the maximum travel position. | C18: Newport (MIT, spol. s r. o.) | D18: LTAHLPPV6 | E18: https://www.newport.com/p/LTAHLPPV6 | F18: 25 | G18: Yes | H18: =10^-6 -> 1e-06 | I18: Stepper motor | J18: 100 | K18: No | L18: N/A | M18: 80 | N18: 19030258-63 | O18: 19040315-19 | P18: 21040156-61 | Q18: 21090424 | R18: 21090426 | S18: 21090427-32
A19: Picomotor Actuator, Vacuum Compatible, 0.5 in. Travel, 0.375 in. Shank | B19: The 8301-V Vacuum Compatible Picomotor™ Actuator has 0.5 inch (12.7 mm) travel, and is an ideal device for motorizing fine-positioning stages and mounts in your optical or mechanical systems. Use it with our opto-mechanical translation stages or your own custom devices. It has better than 30-nm resolution with minimal backlash, and can exert a 5-lb (22-N) force. Moreover, it offers exceptional long-term stability and the ability to hold their position with no power applied. These last two features make the Picomotor unique among motion-control devices and ideal for typical set-and-hold applications. Such applications include precision control of sample holders inside cold and/or vacuum chambers, hands-off adjustment of hard-to-reach mirror mounts (like those in the center of a large setup), or adjustments of optical mounts that are sensitive to forces applied while twisting a knob (for instance optimizing the alignment of a laser cavity or adjusting the pointing of a beam over a long distance). | C19: Newport (MIT, spol. s r. o.) | D19: 8301-V | E19: https://www.newport.com/p/8301-V | F19: 12.7 | G19: Yes | H19: =10^-6 -> 1e-06 | I19: Piezo motor | J19: 22 | K19: No | L19: N/A | M19: 30 | N19: 19090249-59
A20: Micro Pusher MP-20 | B20: Travel range up to 75 mm High Resolution up to 0.02216 µm Recirculating ball screw *Maximum speed 3.5 mm/sec Force max. 12.5 kg Limit switches integrated Module combination Including both Inserts MP-B & MP-F | C20: PI (Physik Instrumente) L.P. | D20: MP-20 | E20: http://www.micosusa.com/old/MP_20L.html | F20: 25 | G20: Yes | H20: =10^-6 -> 1e-06 | I20: Stepper motor | J20: 100 | K20: No | L20: N/A | M20: 100 | N20: 16010314-29
A21: SLC-24150 - Linear Piezo Stage | B21: With 103 mm, the SLC-24150 features the second longest travel range within the SLC-24 series. It measures 150 x 24 x 10.5 mm and offers a normal force of 30 N. | C21: SmarAct GmbH | D21: SLC-24150 | E21: https://www.smaract.com/linear-stages/product/slc-24150 | F21: 103 | G21: Yes | H21: =10^-6 -> 1e-06 | I21: Piezo motor | J21: 30 | K21: No | L21: N/A | M21: 1 | N21: 16010409 | O21: 16010410 | P21: 16010411 | Q21: 16010412
A22: 8MS00V - Vacuum Compatible Motorized Screw | B22: High vacuum compatible Sub-D, male or female, 9 or 15 pin connectors can be ordered separately. The connectors are made of glass filled polymer with a stainless steel outer and suitable for High Vacuum (10-6 Torr) and temperatures up to 110°C. | C22: Standa Ltd. | D22: 8MS00V-10-VSS43 | E22: https://www.standa.lt/products/catalog/vacuum_compatible_stages?item=504&prod=vacuum-compatible-motorized-screw | F22: 10 | G22: Yes | H22: =10^-6 -> 1e-06 | I22: Stepper motor | J22: 30 | K22: No | L22: N/A | M22: 156 | N22: 18040402

Sheet Mirror mounts with actuators
A1: =CONCATENATE('Catalogue properties'!B1," [",'Catalogue properties'!B6,"]") -> Catalogue Item name [] | B1: =CONCATENATE('Catalogue properties'!C1," [",'Catalogue properties'!C6,"]") -> Catalogue item description [] | C1: =CONCATENATE('Catalogue properties'!D1," [",'Catalogue properties'!D6,"]") -> Manufacturer [] | D1: =CONCATENATE('Catalogue properties'!E1," [",'Catalogue properties'!E6,"]") -> Manufacturer part/catalog number [] | E1: =CONCATENATE('Catalogue properties'!F1," [",'Catalogue properties'!F6,"]") -> ManufacturerURL [] | F1: =CONCATENATE(Actuators!D1," [",Actuators!D6,"]") -> Travel range [mm] | G1: =CONCATENATE(Actuators!E1," [",Actuators!E6,"]") -> Vacuum compatibility [] | H1: =CONCATENATE(Actuators!F1," [",Actuators!F6,"]") -> For vacuum pressure [hPa] | I1: =CONCATENATE('Motorized Actuators'!D1," [",'Motorized Actuators'!D6,"]") -> Motor type [] | J1: =CONCATENATE('Motorized Actuators'!E1," [",'Motorized Actuators'!E6,"]") -> Axial load capacity [N] | K1: =CONCATENATE('Motorized Actuators'!F1," [",'Motorized Actuators'!F6,"]") -> Integrated encoder [] | L1: =CONCATENATE('Motorized Actuators'!G1," [",'Motorized Actuators'!G6,"]") -> Encoder resolution [nm] | M1: =CONCATENATE('Motorized Actuators'!H1," [",'Motorized Actuators'!H6,"]") -> Minimum incremental motion [nm] | N1: EUN
A2: POLARIS-K1S3P - Polaris® Piezoelectric Ø1" Mirror Mount, 3 Adjusters with Lock Nuts, Cables Included | B2: Machined from Heat-Treated Stainless Steel with Low Coefficient of Thermal Expansion (CTE) Fully Integrated Piezoelectric Elements Provide Step Sizes Down to 0.5 µrad Matched Actuator and Back Plate Provide Smooth Manual Kinematic Adjustment Hardened Stainless Steel Ball Contacts with Sapphire Seats for Durability and Smooth Movement Passivated Stainless Steel Surface Ideal for Vacuum and High-Power Laser Cavity Applications Extensive Testing Guarantees Less than 6 μrad Deviation After 15 °C Temperature Cycling | C2: Thorlabs | D2: POLARIS-K1S3P | E2: https://www.thorlabs.com/thorproduct.cfm?partnumber=POLARIS-K1S3P | F2: N/A | G2: Yes | H2: =10^-9 -> 1e-09 | I2: Piezo motor | J2: N/A | K2: No | L2: N/A | M2: N/A | N2: 15040078 | O2: 15040079 | P2: 15040080 | Q2: 15040081 | R2: 15040753
A3: POLARIS-K2S2P - Polaris® Piezoelectric Ø2" Mirror Mount, 2 Adjusters with Lock Nuts, Cables Included | B3: 2-Adjuster Piezoelectric and Knob-Driven Design Designed for Use with Ø2" Optics 100 TPI Screws with Integrated Piezoelectric Elements Less Than 2 µrad Beam Deviation After Temperature Cycling (See the Test Data Tab) Two SMB-to-BNC Cables Included | C3: Thorlabs | D3: POLARIS-K2S2P | E3: https://www.thorlabs.com/thorproduct.cfm?partnumber=POLARIS-K2S2P | F3: N/A | G3: Yes | H3: =10^-9 -> 1e-09 | I3: Piezo motor | J3: N/A | K3: No | L3: N/A | M3: N/A | N3: 18110884 | O3: 21050301 | P3: 21050302
A4: POLARIS-K2F2 - Polaris® Low Distortion Ø2" Mirror Mount, 2 Hex Adjusters | B4: 2-Adjuster Low-Distortion Mount Designed for Ø2" Opticsa Removable Knob- or Hex-Driven Design 100 TPI Matched Actuator / Body Pairs All-Stainless-Steel, Matched CTE Construction Less Than 2 µrad Deviation after Temperature Cycling (See the Test Data Tab) Adjusters can be Locked Using POLARIS-LN1 Lock Nuts | C4: Thorlabs | D4: POLARIS-K2F2 | E4: https://www.thorlabs.com/thorproduct.cfm?partnumber=POLARIS-K2F2 | F4: N/A | G4: Yes | H4: =10^-9 -> 1e-09 | I4: Piezo motor | J4: N/A | K4: No | L4: N/A | M4: N/A | N4: 19110817 | O4: 19110818 | P4: 19110819 | Q4: 19110820 | R4: 19110821 | S4: 19110822 | T4: 19110823 | U4: 19110824
A5: POLARIS-K50F4/M - Polaris® Low Distortion Ø50 mm Mirror Mount, 2 Hex Adjusters with Side Holes | B5: 2-Adjuster Low-Distortion Mount Designed for Ø50 mm Opticsa Hex-Driven Design 100 TPI Matched Actuator / Body Pairs All-Stainless-Steel, Matched CTE Construction | C5: Thorlabs | D5: POLARIS-K50F4/M | E5: https://www.thorlabs.com/thorproduct.cfm?partnumber=POLARIS-K50F4/M | F5: N/A | G5: Yes | H5: =10^-9 -> 1e-09 | I5: Piezo motor | J5: N/A | K5: No | L5: N/A | M5: N/A | N5: 20080564 | O5: 20080565 | P5: 20080566
