Workbook

Sheet Lists of values
A1: Manufacturer | C1: Cooling | E1: flange type | F1: flange size | H1: Bearing
A2: PFEIFFER VACUUM AUSTRIA GmbH | C2: Water | E2: ISO-F | F2: DN 16 | H2: Magnet
A3: Edwards Ltd | C3: Air | E3: ISO-K | F3: DN 25 | H3: Ball bearings
A4: Leybold | E4: ISO-KF | F4: DN 40 | H4: Hybrid
A5: Leybold (NTG) | E5: CF-F | F5: DN 100
A6: PFEIFFER VACUUM AUSTRIA GmbH (Vakuum servis s.r.o.) | E6: ISO-KF/G ¼" | F6: DN 160
A7: Edwards Ltd (Activair s.r.o.) | E7: Silencer | F7: DN 250
A8: Leybold (Activair s.r.o.) | E8: ISO | F8: DN 400
A9: Leybold (Tevak s.r.o.) | F9: DN 63
F10: G 1/8"
F11: DN 200
F12: DN 50
F13: DN 320
F14: DN 500
E22: NW=ISO KF

Sheet Catalogue properties
A1: Property name | B1: Catalogue Item name | C1: Catalogue item description | D1: Manufacturer | E1: Manufacturer part/catalog number | F1: ManufacturerURL
A2: Property type | B2: Text | C2: TextArea | D2: External List | E2: Text | F2: Text
A3: List of values (; separated)
A4: Default value
A5: Allow custom value
A6: Unit type
A7: Category group | B7: General properties | C7: General properties | D7: General properties | E7: General properties | F7: General properties

Sheet Vacuum Technology
A1: Property name | B1: Category | C1: Parent category
A2: Property type | B2: text | C2: text
A3: List of values (; separated)
A4: Default value | B4: Vacuum Technology
A5: Allow custom value
A6: Unit type
A7: Category group | B7: General properties | C7: General properties

Sheet Vacuum Pump
A1: Property name | B1: Category | C1: Parent category | D1: Inlet flange type | E1: Inlet flange size | F1: Outlet flange type | G1: Outlet flange size | H1: Coolling | I1: Power consumption
A2: Property type | B2: text | C2: text | D2: List | E2: List | F2: List | G2: List | H2: List | I2: Number
A3: List of values (; separated) | D3: ISO-KF;ISO-F;ISO-K;CF-F | E3: DN 16;DN 25;DN 40;DN 100;DN 160;DN 250;DN 400 | F3: ISO-KF;ISO-F;ISO-K;CF-F | G3: DN 16;DN 25;DN 40;DN 100;DN 160;DN 250;DN 400 | H3: Water; Air
A4: Default value | B4: Vacuum pumps | C4: Vacuum Technology
A5: Allow custom value | D5: =TRUE() -> 1 | E5: =TRUE() -> 1 | F5: =TRUE() -> 1 | G5: =TRUE() -> 1
A6: Unit type | I6: W
A7: Category group | B7: General properties | C7: General properties | D7: Flanges | E7: Flanges | F7: Flanges | G7: Flanges | H7: Other | I7: Other

Sheet Turbomolecular pumps
A1: Property name | B1: Category | C1: Parent category | D1: Pumping speed for N2 | E1: Bearing
A2: Property type | B2: text | C2: text | D2: Number | E2: List
A3: List of values (; separated) | E3: Magnet; Ball bearings; Hybrid
A4: Default value | B4: Turbomolecular pumps | C4: Vacuum pumps
A5: Allow custom value
A6: Unit type | D6: L/sec
A7: Category group | B7: General properties | C7: General properties | D7: TMP parameters | E7: TMP parameters

Sheet Catalogue items
A1: Turbomolecular pumps
A2: =CONCATENATE('Catalogue properties'!B1," [",'Catalogue properties'!B6,"]") -> Catalogue Item name [] | B2: =CONCATENATE('Catalogue properties'!C1," [",'Catalogue properties'!C6,"]") -> Catalogue item description [] | C2: =CONCATENATE('Catalogue properties'!D1," [",'Catalogue properties'!D6,"]") -> Manufacturer [] | D2: =CONCATENATE('Catalogue properties'!E1," [",'Catalogue properties'!E6,"]") -> Manufacturer part/catalog number [] | E2: =CONCATENATE('Catalogue properties'!F1," [",'Catalogue properties'!F6,"]") -> ManufacturerURL [] | F2: =CONCATENATE('Vacuum Pump'!D1," [",'Vacuum Pump'!D6,"]") -> Inlet flange type [] | G2: =CONCATENATE('Vacuum Pump'!E1," [",'Vacuum Pump'!E6,"]") -> Inlet flange size [] | H2: =CONCATENATE('Vacuum Pump'!F1," [",'Vacuum Pump'!F6,"]") -> Outlet flange type [] | I2: =CONCATENATE('Vacuum Pump'!G1," [",'Vacuum Pump'!G6,"]") -> Outlet flange size [] | J2: =CONCATENATE('Vacuum Pump'!H1," [",'Vacuum Pump'!H6,"]") -> Coolling [] | K2: =CONCATENATE('Vacuum Pump'!I1," [",'Vacuum Pump'!I6,"]") -> Power consumption [W] | L2: =CONCATENATE('Turbomolecular pumps'!D1," [",'Turbomolecular pumps'!D6,"]") -> Pumping speed for N2 [L/sec] | M2: =CONCATENATE('Turbomolecular pumps'!E1," [",'Turbomolecular pumps'!E6,"]") -> Bearing [] | N2: Example EUN
A3: ATH 1603 M, DN 250 ISO-F | B3: ATH 1603 M, DN 250 ISO-F, with integrated drive electronics OBC V4, DeviceNet, water-cooled, non-heated 5-axis magnetically levitated turbopump with drag stage for a pump speed of up to 1400 l/s for N2 DN 250 ISO-F inlet flange Operation with OBC V4 integrated drive electronics Installation in any orientation DeviceNet, Water cooled, Non-heated CE marked and ROHS compliant | C3: PFEIFFER VACUUM AUSTRIA GmbH | D3: YE66215A | E3: https://webportal.pfeiffer-vacuum.com/en/shop/product/YE66215A | F3: ISO-F | G3: DN 250 | H3: ISO-KF | I3: DN 40 | J3: Water | K3: 300 | L3: 1400 | M3: Magnet | N3: 15020244 | O3: 15020245 | P3: 15020246 | Q3: 15020247 | R3: 15020248 | S3: 15020249 | T3: 15020250 | U3: 15020251 | V3: 15020252
A4: ATH 1603 M, DN 200 CF-F | B4: 5-axis magnetically levitated turbopump with drag stage for a pump speed of up to 1360 l/s for N2 DN 200 CF-F flange for demanding UHV applications Operation with OBC V4 integrated drive electronics Installation in any orientation Remote, Water cooled, Non-heated CE marked and ROHS compliant | C4: PFEIFFER VACUUM AUSTRIA GmbH | D4: YC52215A | E4: https://webportal.pfeiffer-vacuum.com/en/shop/search?text=YC52215A | F4: CF-F | G4: DN 200 | H4: ISO-KF | I4: DN 40 | J4: Water | K4: 300 | L4: 1360 | M4: Magnet | N4: 18080658
A5: ATH 2303 M, DN 250 ISO-F | B5: 5-axis magnetically levitated turbopump with drag stage for a pump speed of up to 2150 l/s for N2 DN 250 ISO-F inlet flange Operation with OBC V4 integrated drive electronics Installation in any orientation Remote, Water cooled, Non-heated CE marked and ROHS compliant | C5: PFEIFFER VACUUM AUSTRIA GmbH | D5: TMBBA662405A | E5: http://www.pfeiffer-vacuum.com/products/turbopumps/magnetically-levitated/ath-2300-m/onlinecatalog.action?detailPdoId=12686 | F5: ISO-F | G5: DN 250 | H5: ISO-KF | I5: DN 40 | J5: Water | K5: 350 | L5: 2150 | M5: Magnet | N5: 15020238 | O5: 15020239 | P5: 15020240 | Q5: 15020241 | R5: 18080659 | S5: 18080660 | T5: 18080661
A6: HiPace 300 M, DN 100, CF-F | B6: 5-axis magnetically levitated turbopump with a pumping speed of 255 l/s for N2 Integrated digital magnetic bearing controller TM 700 Installation in any orientation; flexible through connectivity of up to 4 accessory parts With integrated water cooling for maximum gas throughput Interfaces: RS-485, Remote (Profibus/DeviceNet on request) The turbopump features extremely low vibration and is oil-free With In-field sensor calibration Including venting valve for pulsed venting Protection Class: IP 54 Extensive accessories expand the range of applications | C6: PFEIFFER VACUUM AUSTRIA GmbH | D6: PM P03 952 | E6: http://www.pfeiffer-vacuum.com/products/turbopumps/magnetically-levitated/hipace-300-m/onlinecatalog.action?detailPdoId=12158#product-downloads | F6: CF-F | G6: DN 100 | H6: ISO-KF | I6: DN 16 | J6: Water | K6: 300 | L6: 255 | M6: Magnet | N6: 15020225 | O6: 15020226 | P6: 17060072
A7: HiPace 300 H, DN 100, ISO-K | B7: Rugged, powerful turbopump with a pumping speed of up to 260 l/s for N2 Extremely high compression, especially for light gases. Ideal for the generation of an ultra high vacuum Integrated TC 110 drive electronics For installation in any orientation Extensive accessories expand the range of applications H=Version with extra high compression ratio | C7: PFEIFFER VACUUM AUSTRIA GmbH | D7: PM P05 540 | E7: https://www.pfeiffer-vacuum.com/en/products/vacuum-generation/turbopumps/hybrid-bearing/hipace-300/15900/hipace-300-h-with-tc-110-dn-100-iso-k | F7: ISO-K | G7: DN 100 | H7: ISO-KF/G ¼" | I7: DN 16 | J7: Air | K7: 180 | L7: 260 | M7: Hybrid | N7: 22040021 | O7: 22040022 | P7: 22040023
A8: HiPace 300 with TC 400, DN 100, CF-F | B8: Rugged, powerful turbopump with a pumping speed of up to 260 l/s for N2 Integrated TC 400 drive electronics Ideal for UHV applications For installation in any orientation With integrated water cooling for maximum gas throughput Flexible through the ability to employ up to 4 accessories Ideal for fast cycles Extensive accessories expand the range of applications | C8: PFEIFFER VACUUM AUSTRIA GmbH | D8: PM P03 901 | E8: https://www.pfeiffer-vacuum.com/en/products/vacuum-generation/turbopumps/hybrid-bearing/hipace-300/4501/hipace-300-with-tc-400-dn-100-cf-f | F8: CF-F | G8: DN 100 | H8: ISO-KF/G ¼" | I8: DN 16 | J8: Water | K8: 300 | L8: 260 | M8: Hybrid | N8: 18100088
A9: HiPace 300 with TC 400, DN 100, ISO-F | B9: Rugged, powerful turbopump with a pumping speed of up to 260 l/s for N2 Integrated TC 400 drive electronics Ideal for UHV applications For installation in any orientation With integrated water cooling for maximum gas throughput Flexible through the ability to employ up to 4 accessories Ideal for fast cycles Extensive accessories expand the range of applications | C9: PFEIFFER VACUUM AUSTRIA GmbH | D9: PM P03 902 | E9: https://www.pfeiffer-vacuum.com/en/products/vacuum-generation/turbopumps/hybrid-bearing/hipace-300/4502/hipace-300-with-tc-400-dn-100-iso-f | F9: ISO-F | G9: DN 100 | H9: ISO-KF/G ¼" | I9: DN 16 | J9: Water | K9: 300 | L9: 260 | M9: Hybrid | N9: 18101023
A10: HiPace 80 with TC 110, DN 63, CF-F | B10: Small yet powerful turbopump with a pumping speed of up to 67 l/s for N2 Integrated TC 110 drive electronics For installation in any orientation Ideal for dependable systems integration Extensive accessories expand the range of applications | C10: PFEIFFER VACUUM AUSTRIA GmbH | D10: PM P03 941 A | E10: https://webportal.pfeiffer-vacuum.com/en/shop/product/PM_P03_941_A | F10: CF-F | G10: DN 63 | H10: ISO-KF/G ¼" | I10: DN 16 | J10: Water | K10: 110 | L10: 67 | M10: Hybrid | N10: 18100090
A11: HiCube 80 Eco (HiPace 80 + MVP 015-4), DN 63, ISO-K | B11: Compact high performance pumping station for all high and ultrahigh vacuum applications Plug and play solution with HiPace 80 turbopump and multistage diaphragm pump MVP 015-4 Intermittent mode adapts the pumping station to the process conditions and saves up to 90% energy Easy integration of pressure gauges from the accessories | C11: PFEIFFER VACUUM AUSTRIA GmbH | D11: PM S74 150 00 | E11: https://www.pfeiffer-vacuum.com/en/products/vacuum-generation/pumping-stations/turbo-pumping-stations/hicube-eco/20020/hicube-80-eco-dn-63-iso-k-mvp-015-4 | F11: ISO-K | G11: DN 63 | H11: Silencer | I11: G 1/8" | J11: Air | K11: 270 | L11: 67 | M11: Hybrid | N11: 18050002 | O11: 18050003 | P11: 18050172 | Q11: 22030133
A12: HiCube 80 Eco (HiPace 80 + MVP 015-4), DN 63, CF-F | B12: Compact high performance pumping station for all high and ultrahigh vacuum applications Plug and play solution with HiPace 80 turbopump and multistage diaphragm pump MVP 015-4 Intermittent mode adapts the pumping station to the process conditions and saves up to 90% energy Easy integration of pressure gauges from the accessories | C12: PFEIFFER VACUUM AUSTRIA GmbH | D12: PM S75 150 00 | E12: https://www.pfeiffer-vacuum.com/en/products/vacuum-generation/pumping-stations/turbo-pumping-stations/hicube-eco/20023/hicube-80-eco-dn-63-cf-f-mvp-015-4 | F12: CF-F | G12: DN 63 | H12: Silencer | I12: G 1/8" | J12: Air | K12: 270 | L12: 67 | M12: Hybrid | N12: 19020335
A13: HiCube 300 Eco (HiPace 300 + MVP 030-3), DN 100, ISO-K | B13: Compact high performance pumping station for all high and ultrahigh vacuum applications Plug and play solution with HiPace 300 turbopump and multistage diaphragm pump MVP 030-3 Intermittent mode adapts the pumping station to the process conditions and saves up to 90% energy Easy integration of pressure gauges from the accessories | C13: PFEIFFER VACUUM AUSTRIA GmbH | D13: PM S76 200 00 | E13: https://webportal.pfeiffer-vacuum.com/en/shop/product/PM_S76_200_00 | F13: ISO-K | G13: DN 100 | H13: Silencer | I13: G 1/8" | J13: Air | K13: 270 | L13: 260 | M13: Hybrid | N13: 19110557
A14: HiPace700 with TC 400, DN 160, CF-F | B14: Compact yet powerful turbopump with a pumping speed of up to 685 l/s for N2 Maximum vacuum performance with minimum power consumption For installation in any orientation Integrated TC 400 drive electronics Integrated, powerful cooling system DN 160 CF-F flange for demanding UHV applications | C14: PFEIFFER VACUUM AUSTRIA GmbH | D14: PM P03 934 | E14: https://webportal.pfeiffer-vacuum.com/en/shop/product/PM_P03_934 | F14: CF-F | G14: DN 160 | H14: ISO-KF/G ¼" | I14: DN 25 | J14: Water | K14: 420 | L14: 685 | M14: Hybrid | N14: 18100089 | O14: 22050123
A15: STP-iXA3306C ISO320F | B15: The STP-iXA3306 series magnetically levitated turbomolecular pump provides industry-leading performance and incorporates a small power supply into the onboard control unit – the latest technology of the well-established STPiXA3305 series. The height of the pump is equal to the STP-XA2703/XA3203 and is also equal to the height of the STP-iXA3305 series without its power supply (iPS-1200). This fully integrated product offers easy installation and a small footprint as an all-in-one solution for all application tools. | C15: Edwards Ltd | D15: YT820Z040 | E15: https://shop.edwardsvacuum.com/products/yt820z040/view.aspx | F15: ISO-F | G15: DN 320 | H15: ISO-KF | I15: DN 40 | J15: Water | K15: 1800 | L15: 3200 | M15: Magnet | N15: 17121273 | O15: 19030116 | P15: 19030117 | Q15: 19030118
A16: STP-XA3203C ISO320F | B16: The STP-XA3203C turbo pump offers high performance in the process range of high vacuum to 2300 sccm process flow with enhanced throughput for all gases. This pump is based on a new platform design offering features to improve thermal management, which enhances performance on harsh processes, increases the maximum process flow capability and reduces the effects of corrosion and deposition. The outstanding performance is suited to both light and harsh applications, such as semiconductor etch, implant, lithography and LCD processes. | C16: Edwards Ltd | D16: YT660Z050 | E16: https://shop.edwardsvacuum.com/products/yt660z050/view.aspx | F16: ISO-F | G16: DN 320 | H16: ISO-KF | I16: DN 40 | J16: Water | K16: 1500 | L16: 3200 | M16: Magnet | N16: 16010130
A17: STP-iXA4506C ISO320F | B17: The fully integrated controller and power supply eliminates the need for cables and a separate controller rack, resulting in a cost effective, compact TMP package that is fast and easy to install in a small footprint. Maximum continuous flow capability of 4300 sccm (N2), achieving a performance increase of more than 50%, when compared to STP-XA4503. The pump will operate efficiently with cooling water supply up to 35 °C. Temperature Management System (TMS) unit is available for processes generating by-products. I/O Remote, RS232C, RS485, STP-Link are standard ports. UL marked, CE marked, SEMI-S2 and RoHS compliant. | C17: Edwards Ltd | D17: YT780Z000 | E17: https://shop.edwardsvacuum.com/products/YT780Z000/view.aspx | F17: ISO-F | G17: DN 320 | H17: ISO-KF | I17: DN 40 | J17: Water | K17: 2200 | L17: 4000 | M17: Magnet | N17: 19050003 | O17: 18110825
A18: TP-iXA3306C ISO250F | B18: The STP-iXA3306 series magnetically levitated turbomolecular pump provides industry-leading performance and incorporates a small power supply into the onboard control unit – the latest technology of the well-established STPiXA3305 series. The height of the pump is equal to the STP-XA2703/XA3203 and is also equal to the height of the STP-iXA3305 series without its power supply (iPS-1200). This fully integrated product offers easy installation and a small footprint as an all-in-one solution for all application tools. | C18: Edwards Ltd | D18: YT820Z020 | E18: https://shop.edwardsvacuum.com/products/YT820Z020/view.aspx | F18: ISO-F | G18: DN 250 | H18: ISO-KF | I18: DN 40 | J18: Water | K18: 1800 | L18: 2650 | M18: Magnet | N18: 18120023
A19: nEXT300D ISO100 | B19: The nEXT is a hybrid bearing compound turbomolecular pump. nEXT pumps combine our proven bearing technology (oil lubricated ceramic lower bearing with dry permanent magnetic upper bearing), an improved rotor design with a new molecular drag stage to deliver improved pumping speed and compression ratios, and user serviceability. They feature 24 V to 48 V d.c. sensor less motors with a built in drive that is fully compatible with our range of TAG and TIC controllers. They are available pre-set for either 80 W or 160 W maximum power, the former enabling use with our 100 W TIC controllers are also recommended for pumping Argon, but with a longer ramp time to full operating speed. | C19: Edwards Ltd (Activair s.r.o.) | D19: B82200100 | E19: https://shop.edwardsvacuum.com/products/b82200100/view.aspx | F19: ISO-K | G19: DN 100 | H19: ISO-KF | I19: DN 25 | J19: Water | K19: 160 | L19: 300 | M19: Hybrid | N19: 18010002
A20: nEXT400D ISO160 | B20: The nEXT is a hybrid bearing compound turbomolecular pump. nEXT pumps combine our proven bearing technology (oil lubricated ceramic lower bearing with dry permanent magnetic upper bearing), an improved rotor design with a new molecular drag stage to deliver improved pumping speed and compression ratios, and user serviceability. They feature 24 V to 48 V d.c. sensor less motors with a built in drive that is fully compatible with our range of TAG and TIC controllers. They are available pre-set for either 80 W or 160 W maximum power, the former enabling use with our 100 W TIC controllers are also recommended for pumping Argon, but with a longer ramp time to full operating speed. | C20: Edwards Ltd (Activair s.r.o.) | D20: B83200300 | E20: https://shop.edwardsvacuum.com/products/b83200300/view.aspx | F20: ISO-K | G20: DN 160 | H20: ISO-KF | I20: DN 25 | J20: Water | K20: 160 | L20: 400 | M20: Hybrid | N20: 18010001
A21: TURBOVAC MAG W 2200 iP | B21: Pumping speed up to 2,200 l/s High pumping speed and high compression ratios for all gases Holweck stage incorporated Resistant to particles and deposits Insensitive to shock-venting Monitoring and self-protection functions Maintenance-free in most applications | C21: Leybold (NTG) | D21: 412200V0504 | E21: https://www.leyboldproducts.com/products/high-vacuum-pumpscryo-technology/turbovac-turbovac-mag/turbovac-magintegra/pumps/675/turbovac-mag-w-2200-ip | F21: ISO-F | G21: DN 250 | H21: ISO-KF | I21: DN 40 | J21: Water | K21: 150 | L21: 2100 | M21: Magnet | N21: 17120452 | O21: 17120459 | P21: 17120463 | Q21: 17120144 | R21: 17120479 | S21: 17120485 | T21: 17120488 | U21: 17120489 | V21: 17120498 | W21: 17120510 | X21: 17120519 | Y21: 17120520 | Z21: 17120522 | AA21: 17120531 | AB21: 17120532
A22: TURBOVAC MAG W 3200 CT | B22: Accuracy, precision and reliability those are the features of these magnetically-levitated turbomolecular pumps. High pumping speed and gas throughput for faster pump down time improve equipment cycle times. With its fully integrated converter and power supply, conventional rack-mounted controller and interconnecting cables are no longer necessary | C22: Leybold (Activair s.r.o.) | D22: 400003V0002 | E22: https://www.provac.ie/product/turbovac-mag-w-3200-ct/ https://www.ptbsales.com/leybold-turbovac-mag-w-3200-ct-rebuilt.html | F22: ISO-F | G22: DN 320 | H22: ISO-KF | I22: DN 40 | J22: Water | K22: 100 | L22: 3200 | M22: Magnet | N22: 16010128 | O22: 16010131
A23: TURBOVAC 90 i/iX | B23: Pumping speed up to 1.450 l/s Oil free hybrid bearings (mechanical/permanent magnetic) Installation in any orientation Integrated electronics including a variety of options for communication and control of accessory components TURBO.CONTROL i display unit (optionally as rack version or benchtop unit) to control and monitor the pump including connection facility for two pressure gauges available as accessory | C23: Leybold (Tevak s.r.o.) | D23: 810031V3300 | E23: https://www.leyboldproducts.com/products/high-vacuum-pumpscryo-technology/turbovac-turbovac-mag/turbovac-i-ix-hybrid-bearings/pumps/734/turbovac-90-i/ix | F23: ISO-K | G23: DN 63 | H23: ISO-KF | I23: DN 16 | J23: Water | K23: 20 | L23: 90 | M23: Hybrid | N23: 18050086

Sheet Dry vacuum pumps
A1: Property name | B1: Category | C1: Parent category | D1: Peak pumping speed | E1: Ultimate vacuum
A2: Property type | B2: text | C2: text | D2: Number | E2: Number
A3: List of values (; separated)
A4: Default value | B4: Dry vacuum pumps | C4: Vacuum pumps
A5: Allow custom value
A6: Unit type | D6: m3/hod | E6: mbar
A7: Category group | B7: General properties | C7: General properties | D7: Pump parameters | E7: Pump parameters

Sheet Catalogue items (2)
A1: Dry vacuum pumps
A2: =CONCATENATE('Catalogue properties'!B1," [",'Catalogue properties'!B6,"]") -> Catalogue Item name [] | B2: =CONCATENATE('Catalogue properties'!C1," [",'Catalogue properties'!C6,"]") -> Catalogue item description [] | C2: =CONCATENATE('Catalogue properties'!D1," [",'Catalogue properties'!D6,"]") -> Manufacturer [] | D2: =CONCATENATE('Catalogue properties'!E1," [",'Catalogue properties'!E6,"]") -> Manufacturer part/catalog number [] | E2: =CONCATENATE('Catalogue properties'!F1," [",'Catalogue properties'!F6,"]") -> ManufacturerURL [] | F2: =CONCATENATE('Vacuum Pump'!D1," [",'Vacuum Pump'!D6,"]") -> Inlet flange type [] | G2: =CONCATENATE('Vacuum Pump'!E1," [",'Vacuum Pump'!E6,"]") -> Inlet flange size [] | H2: =CONCATENATE('Vacuum Pump'!F1," [",'Vacuum Pump'!F6,"]") -> Outlet flange type [] | I2: =CONCATENATE('Vacuum Pump'!G1," [",'Vacuum Pump'!G6,"]") -> Outlet flange size [] | J2: =CONCATENATE('Vacuum Pump'!H1," [",'Vacuum Pump'!H6,"]") -> Coolling [] | K2: =CONCATENATE('Vacuum Pump'!I1," [",'Vacuum Pump'!I6,"]") -> Power consumption [W] | L2: =CONCATENATE('Dry vacuum pumps'!D1," [",'Dry vacuum pumps'!D6,"]") -> Peak pumping speed [m3/hod] | M2: =CONCATENATE('Dry vacuum pumps'!E1," [",'Dry vacuum pumps'!E6,"]") -> Ultimate vacuum [mbar] | N2: Example EUN
A3: nXDS20i | B3: Lubricant-free within the vacuum envelope and hermetically sealed means totally clean and dry vacuum to prevent cross contamination No atmosphere to vacuum shaft seals means bearings are completely isolated, which prevents process attack and means the bearings run cooler and last longer Simple single sided scroll arrangement combined with an innovative motor and bearing design allows for easy field service with a minimum of special tooling for low cost of ownership and maximum up-time Improved motor and drive efficiencies for reduced power and cost of ownership Advanced interface provides a variety of traditional, analogue and digital control methods enabling remote control/monitoring via USB, RS232 or RS485 | C3: Edwards Ltd | D3: A73801983 | E3: https://www.activair.cz/en/products/vacuum-pumps/dry-vacuum-pumps-for-laboratory-r-d/nxds-scroll-pumps/nxds20i | F3: ISO-KF | G3: DN 25 | H3: ISO-KF | I3: DN25 | J3: Air | K3: 260 | L3: 22 | M3: 0.03 | N3: 20080036 | O3: 17040161 | P3: 20120177 | Q3: 20120178
A4: nXDS10i | B4: Bearing shield ensures separation between process gases and bearing lubrication to ensure clean vacuum and no possibility of contamination to lubrication from process gases, which prolongs bearing life. · Advanced scroll-form and tip-seal technologies - deliver best‑in-class vacuum performance and unrivalled ultimate vacuum levels. · Unique tip seal design - significantly reduces wear to minimise maintenance and extend service life. · Quiet operation - with typical noise during operation < 52 dB(A) for minimal environmental impact. · Advanced interface - providing a variety of traditional and analogue and digital control methods enabling remote control/monitoring via RS232 or RS485. · Integrated smart drive - with auto sensing input delivers optimised pumping performance globally. · Pump range - includes 6, 10, 15 and 20 m3h-1 | C4: Edwards Ltd | D4: A73601983 | E4: https://shop.edwardsvacuum.com/products/A73601983/view.aspx | F4: ISO-KF | G4: DN 25 | H4: ISO-KF | I4: DN 25 | J4: Air | K4: 280 | L4: 11.4 | M4: 0.007 | N4: 21070035
A5: ADS602P | B5: The Alcatel Adixen ADP ADS Series Two Dry Pumps were designed to minimize potential residue deposits. This process is achieved by internal gas limitation, diluting the gas on each pump stage with N2, and adjusting the temperature in order to control gas condensation. P versions for light/medium applications The Alcatel Adixen ADP ADS Series Two Dry Pumps offer M4 Monitoring, which consists of an electrical cabinet, hand held remote control, and an electronic cabinet. The ADP ADS Series Two Dry Pumps M4 Monitoring can be interfaced with the main production equipment. Clean: oil-free, dry pump providing no risk of contamination. Quiet: all models include an integrated silencer. Low power consumption. Nitrogen Purge levels can be easily controlled by the user. | C5: PFEIFFER VACUUM AUSTRIA GmbH | D5: P2WW300001102 | E5: https://www.ajvs.com/new/product_info.php?products_id=7511 | F5: ISO-K | G5: DN 100 | H5: ISO-KF | I5: DN40 | J5: Water | K5: 2000 | L5: 480 | M5: 0.0005 | N5: 15020186 | O5: 15020187
A6: ACP 15 | B6: Dry multi-stage Roots technology, SD versions, ACP pumps with a pumping speed of max. 15 m3/h No particle contamination, thanks to frictionless design: no wearing parts in the pumped gases path No hydrocarbon vapors backstreaming: ACP series pumps are free of lubricant inside the pumping module Constant performances (Pumping speed, max. and ultimate pressure) High reliability: thanks to our expertise of dry multi-stage Roots pumps since 1988 Low maintenance costs: no annual field service, complete overhaul only every 20000 hours for ACP 15 Condensable vapor ability: with gas ballast ports and drainable silencer | C6: PFEIFFER VACUUM AUSTRIA GmbH | D6: CKF00040 | E6: https://www.pfeiffer-vacuum.com/en/products/vacuum-generation/multi-stage-roots-pumps/light-duty-applications/air-cooled/low-noise-acp-kits/32098/low-noise-kit-acp-15 | F6: ISO-KF | G6: DN 25 | H6: ISO-KF | I6: DN 16 | J6: Air | K6: 450 | L6: 14 | M6: 0.05 | N6: 17070170 | O6: 18040251 | P6: 17010423
A7: ACP 28 | B7: Dry multi-stage Roots technology, SD versions, ACP pumps with a pumping speed of max. 27 m3/h No particle contamination, thanks to frictionless design: no wearing parts in the pumped gases path No hydrocarbon vapors backstreaming: ACP series pumps are free of lubricant inside the pumping module Constant performances (Pumping speed, max. and ultimate pressure) High reliability: thanks to our expertise of dry multi-stage Roots pumps since 1988 Low maintenance costs: no annual field service, complete overhaul only every 20000 hours for ACP 15 Condensable vapor ability: with gas ballast ports and drainable silencer | C7: PFEIFFER VACUUM AUSTRIA GmbH | D7: CKF00042 | E7: https://www.pfeiffer-vacuum.com/en/products/vacuum-generation/multi-stage-roots-pumps/light-duty-applications/air-cooled/low-noise-acp-kits/32099/low-noise-kit-acp-28 | F7: ISO-KF | G7: DN 25 | H7: ISO-KF | I7: DN 25 | J7: Air | K7: 700 | L7: 27 | M7: 0.04 | N7: 18101012
A8: ACP 40 | B8: Dry multi-stage Roots technology, SD versions, ACP pumps with a Pumping speed of max. 40 m3/h No particle contamination, thanks to frictionless design: no wearing parts in the pumped gases path No hydrocarbon vapors backstreaming: ACP series pumps are free of lubricant inside the pumping module Constant performances (Pumping speed, max. and ultimate pressure) High reliability : thanks to our expertise of dry multi-stage Roots pumps since 1988 Low maintenance costs: no annual field service, complete overhaul only every 22000 hours for ACP 28/40 Condensable vapor ability: with gas ballast ports and drainable silencer. ACP series pumps can handle up to 100 g/h of pure water vapor | C8: PFEIFFER VACUUM AUSTRIA GmbH | D8: V8SACSGEMF | E8: https://www.pfeiffer-vacuum.com/en/products/vacuum-generation/multi-stage-roots-pumps/light-duty-applications/air-cooled/sd-versions/12287/acp-40-standard-single-phase-manual-gas-ballast | F8: ISO-KF | G8: DN 40 | H8: ISO-KF | I8: DN 25 | J8: Air | K8: 700 | L8: 37 | M8: 0.04 | N8: 17010421 | O8: 17010422 | P8: 16100335 | Q8: 16100336
A9: GXS160/1750 LD SE | B9: Designed for high reliability Adaptable to a wide range of applications Long service interval and easy swap-out Low cost of ownership Minimum workplace and environmental impact Simple to install and operate Ideal for integration into larger systems | C9: Edwards Ltd | D9: GS510005 | E9: https://shop.edwardsvacuum.com/products/gs510005/view.aspx | F9: ISO | G9: DN 100 | H9: ISO-KF | I9: DN 40 | J9: Water | K9: 5100 | L9: 1200 | M9: 0.0007 | N9: 15121401 | O9: 15121402 | P9: 15121405 | Q9: 15121407 | R9: 15121409 | S9: 15121400 | T9: 18050507 | U9: 18050508 | V9: 18050509 | W9: 18050510
A10: GXS250 LD SE | B10: Designed for high reliability Adaptable to a wide range of applications Long service interval and easy swap-out Low cost of ownership Minimum workplace and environmental impact Simple to install and operate Ideal for integration into larger systems | C10: Edwards Ltd | D10: GS710002 | E10: https://shop.edwardsvacuum.com/Products/View.aspx?sku=GS710002 | F10: ISO | G10: DN 63 | H10: ISO-KF | I10: DN 40 | J10: Water | K10: 4000 | L10: 250 | M10: 0.004 | N10: 15121404
A11: GXS450/2600F LD SE | B11: Designed for high reliability Adaptable to a wide range of applications Long service interval and easy swap-out Low cost of ownership Minimum workplace and environmental impact Simple to install and operate Ideal for integration into larger systems | C11: Edwards Ltd | D11: GSF150000000 | E11: https://shop.edwardsvacuum.com/Products/View.aspx?sku=GSF150000000 | F11: ISO | G11: DN 160 | H11: ISO-KF | I11: DN 50 | J11: Water | K11: 8800 | L11: 2200 | M11: 0.00054 | N11: 15121400 | O11: 15121405 | P11: 15121415 | Q11: 18050511 | R11: 18050512 | S11: 18080703
A12: GXS750/4200F LD SE | B12: Designed for high reliability Adaptable to a wide range of applications Long service interval and easy swap-out Low cost of ownership Minimum workplace and environmental impact Simple to install and operate Ideal for integration into larger systems | C12: Edwards Ltd | D12: GSP150000000 | E12: https://shop.edwardsvacuum.com/Products/View.aspx?sku=GSP150000000 | F12: ISO | G12: DN 160 | H12: ISO-KF | I12: DN 50 | J12: Water | K12: 11500 | L12: 3450 | M12: 0.0005 | N12: 15121403 | O12: 15121412 | P12: 15121413 | Q12: 15121410 | R12: 15121411 | S12: 15121414 | T12: 15121406 | U12: 15121408
A13: ECODRY 40 plus | B13: The ECODRY plus is a family of dry-compression multi-stage Roots vacuum pumps, which sets new standards in noise reduction. The pumps have been specially designed for use in quiet and clean environments, such as analysis and research laboratories. ECODRY plus provide clean vacuum at maximum pumping speeds of 40 and 55 m³/h while creating low noise levels. They deliver stable vacuum performance for many years without maintenance. The pumps are based on the multi-stage Roots pumping principle with two contactless rotating rotors turning in opposite direction. Through their rotation the gas is moved from the inlet to the exhaust. By the effect of multiple pumping stages the gas is compressed from medium vacuum range to ambient pressure. The products are standing out due to the following features: Quiet – With the integrated acoustic insulation and silencer the noise level of these pumps is lower than 52 dB(A) - quieter than a normal conversation. Clean – With an oil-free suction chamber and wear-free operation, neither oil vapors nor particles are contaminating the vacuum chamber or the environment. Maintenance-free – Changing oil or seals is not required - the pumps deliver stable vacuum performance for many years without maintenance. Easy to use – The pumps are compact, powered by regular single-phase sockets, air-cooled and easy to reposition by integrated wheels. | C13: Leybold | D13: 161040V22 | E13: https://www.leyboldproducts.de/en/products/dry-compressing-vacuum-pumps/ecodry-plus/pumps/2678/ecodry-40-plus | F13: ISO-KF | G13: DN 25 | H13: ISO-KF | I13: DN 16 | J13: Air | K13: 600 | L13: 40 | M13: 0.03 | N13: 19040087
A14: Ecodry 65 plus | B14: The ECODRY plus is a family of dry-compression multi-stage Roots vacuum pumps, which sets new standards in noise reduction. The pumps have been specially designed for use in quiet and clean environments, such as analysis and research laboratories. ECODRY plus provide clean vacuum at maximum pumping speeds of 40 and 55 m³/h while creating low noise levels. They deliver stable vacuum performance for many years without maintenance. The pumps are based on the multi-stage Roots pumping principle with two contactless rotating rotors turning in opposite direction. Through their rotation the gas is moved from the inlet to the exhaust. By the effect of multiple pumping stages the gas is compressed from medium vacuum range to ambient pressure. The products are standing out due to the following features: Quiet – With the integrated acoustic insulation and silencer the noise level of these pumps is lower than 52 dB(A) - quieter than a normal conversation. Clean – With an oil-free suction chamber and wear-free operation, neither oil vapors nor particles are contaminating the vacuum chamber or the environment. Maintenance-free – Changing oil or seals is not required - the pumps deliver stable vacuum performance for many years without maintenance. Easy to use – The pumps are compact, powered by regular single-phase sockets, air-cooled and easy to reposition by integrated wheels. | C14: Leybold | D14: 161065V22 | E14: https://www.leyboldproducts.de/en/products/dry-compressing-vacuum-pumps/ecodry-plus/pumps/2679/ecodry-65-plus?c=15258 | F14: ISO-KF | G14: DN 25 | H14: ISO-KF | I14: DN 16 | J14: Air | K14: 600 | L14: 55 | M14: 0.03 | N14: 18101184

Sheet Cryopumps
A1: Property name | B1: Category | C1: Parent category | D1: H2O pumping speed | E1: H2 pumping speed | F1: Cooldown time
A2: Property type | B2: text | C2: text | D2: Number | E2: Number | F2: Number
A3: List of values (; separated)
A4: Default value | B4: Cryopumps | C4: Vacuum pumps
A5: Allow custom value
A6: Unit type | D6: L/sec | E6: L/sec | F6: min
A7: Category group | B7: General properties | C7: General properties | D7: Pump parameters | E7: Pump parameters | F7: Pump parameters

Sheet Catalogue items (3)
A1: Cryopumps
A2: =CONCATENATE('Catalogue properties'!B1," [",'Catalogue properties'!B6,"]") -> Catalogue Item name [] | B2: =CONCATENATE('Catalogue properties'!C1," [",'Catalogue properties'!C6,"]") -> Catalogue item description [] | C2: =CONCATENATE('Catalogue properties'!D1," [",'Catalogue properties'!D6,"]") -> Manufacturer [] | D2: =CONCATENATE('Catalogue properties'!E1," [",'Catalogue properties'!E6,"]") -> Manufacturer part/catalog number [] | E2: =CONCATENATE('Catalogue properties'!F1," [",'Catalogue properties'!F6,"]") -> ManufacturerURL [] | F2: =CONCATENATE('Vacuum Pump'!D1," [",'Vacuum Pump'!D6,"]") -> Inlet flange type [] | G2: =CONCATENATE('Vacuum Pump'!E1," [",'Vacuum Pump'!E6,"]") -> Inlet flange size [] | H2: =CONCATENATE('Vacuum Pump'!F1," [",'Vacuum Pump'!F6,"]") -> Outlet flange type [] | I2: =CONCATENATE('Vacuum Pump'!G1," [",'Vacuum Pump'!G6,"]") -> Outlet flange size [] | J2: =CONCATENATE('Vacuum Pump'!H1," [",'Vacuum Pump'!H6,"]") -> Coolling [] | K2: =CONCATENATE('Vacuum Pump'!I1," [",'Vacuum Pump'!I6,"]") -> Power consumption [W] | L2: =CONCATENATE(Cryopumps!D1," [",Cryopumps!D6,"]") -> H2O pumping speed [L/sec] | M2: =CONCATENATE(Cryopumps!E1," [",Cryopumps!E6,"]") -> H2 pumping speed [L/sec] | N2: =CONCATENATE(Cryopumps!F1," [",Cryopumps!F6,"]") -> Cooldown time [min] | O2: Example EUN
A3: COOLVAC 10000 | B3: COOLVAC vacuum pumps are refrigerator cryo pumps which generate a vacuum when gaseous substances are bound to the cold surfaces within the pump by means of cryocondensation. Because of the pumping principle COOLVAC cryo pumps have a high effective pumping speed for all gases. COOLVAC vacuum pumps produce a hydro carbon free ultra high vacuum inthe pressure range from 10-3 mbar to 10-11 mbar (0.75•10-3 to 0.75•10-11 Torr) | C3: Leybold (Tevak) | D3: 844502Vwxyz | E3: https://www.leyboldproducts.com/products/high-vacuum-pumpscryo-technology/coolvac-coolpower-coolpak/coolvac-cryo-pumps/coolvac-cryo-pumps/3312/coolvac-10000 | F3: ISO-K | G3: DN 500 | H3: ISO-KF | I3: DN 40 | J3: Air | L3: 30000 | M3: 10000 | N3: 150 | O3: 16010130 | P3: 16010129 | Q3: 21100269 | R3: 21100107

Sheet Roughing
A1: MVP 015-2, diaphragm pump, 100–236 V, 50/60 Hz | B1: PFEIFFER VACUUM AUSTRIA GmbH (Vakuum servis s.r.o.) | C1: PK T05 100 | D1: https://webportal.pfeiffer-vacuum.com/en/shop/product/PK_T05_100 | E1: 20020195
A2: MVP 015-4, diaphragm pump, 230 V, 50 Hz | B2: PFEIFFER VACUUM AUSTRIA GmbH | C2: PK T05 065 | D2: https://www.pfeiffer-vacuum.com/en/products/vacuum-generation/diaphragm-pumps/for-rough-vacuum/2644/mvp-015-4-diaphragm-pump-230-v-50-hz | E2: 15110867 | F2: 15110868
A3: MVP 030-3 DC, diaphragm pump, 24 V DC | B3: PFEIFFER VACUUM AUSTRIA GmbH | C3: PK T01 500 | D3: https://www.pfeiffer-vacuum.com/en/products/vacuum-generation/diaphragm-pumps/as-backing-pump-for-hipace-turbopumps/30880/mvp-030-3-dc-diaphragm-pump-24-v-dc
